{
    "camera_matrix": [
        [
            2108.9166788772504,
            0.0,
            948.1366161313292
        ],
        [
            0.0,
            2103.4029534915358,
            656.6952121273079
        ],
        [
            0.0,
            0.0,
            1.0
        ]
    ],
    "distortion_coefficients": [
        [
            -0.13963516818988556,
            3.1480951312934744,
            0.0012716808491106174,
            -0.007012196995401061,
            -30.82591920581987
        ]
    ],
    "rotation_vectors": [
        [
            [
                0.08976136403829474
            ],
            [
                -0.36078585712106936
            ],
            [
                0.003463500276357225
            ]
        ],
        [
            [
                -0.19830517695194552
            ],
            [
                -0.038867512276444645
            ],
            [
                0.00041291304547208616
            ]
        ],
        [
            [
                0.16011055549189265
            ],
            [
                -0.5299158865096691
            ],
            [
                -0.04063973941201558
            ]
        ],
        [
            [
                -0.016736839333901417
            ],
            [
                0.39023051974359285
            ],
            [
                -0.0321700471759285
            ]
        ],
        [
            [
                0.11286371472701863
            ],
            [
                -0.3661570915801343
            ],
            [
                -0.00964158070931129
            ]
        ],
        [
            [
                0.12694402656335105
            ],
            [
                0.392276014472058
            ],
            [
                -0.018612736761753988
            ]
        ],
        [
            [
                0.054832887582631266
            ],
            [
                -0.3821680960567784
            ],
            [
                -0.005422179063865618
            ]
        ],
        [
            [
                0.11077639234403239
            ],
            [
                0.2797523952800919
            ],
            [
                -0.0005156679872279127
            ]
        ],
        [
            [
                0.09829424100674594
            ],
            [
                0.007031184501582384
            ],
            [
                0.010560248987629563
            ]
        ],
        [
            [
                0.01306794856773835
            ],
            [
                -0.0002535076340839976
            ],
            [
                0.015003685820986594
            ]
        ],
        [
            [
                0.20913076294185207
            ],
            [
                -0.060442202140755914
            ],
            [
                0.02741667383817664
            ]
        ],
        [
            [
                0.12923127658567005
            ],
            [
                -0.034664915722245004
            ],
            [
                0.01067166719353144
            ]
        ],
        [
            [
                0.13896460958293788
            ],
            [
                -0.019550585451297287
            ],
            [
                0.007831049211762323
            ]
        ]
    ],
    "translation_vectors": [
        [
            [
                -3.6380326690982163
            ],
            [
                -3.2545608358769367
            ],
            [
                43.7461528389715
            ]
        ],
        [
            [
                -3.9318797600143576
            ],
            [
                -2.5365918602675066
            ],
            [
                42.169734246043035
            ]
        ],
        [
            [
                -3.467062116030878
            ],
            [
                -1.5152079721749163
            ],
            [
                31.473911374376716
            ]
        ],
        [
            [
                -5.136031974244439
            ],
            [
                -3.6330516244987097
            ],
            [
                34.956928020247815
            ]
        ],
        [
            [
                -3.01388574723451
            ],
            [
                -1.8345751353112438
            ],
            [
                48.858698878769324
            ]
        ],
        [
            [
                -4.810231667860444
            ],
            [
                -0.9476770763405523
            ],
            [
                33.36024958087602
            ]
        ],
        [
            [
                -2.7593641712018786
            ],
            [
                -3.56716603258832
            ],
            [
                30.176056906096917
            ]
        ],
        [
            [
                -4.360232633735986
            ],
            [
                -2.866843621893489
            ],
            [
                53.03409943580834
            ]
        ],
        [
            [
                -4.514585706245858
            ],
            [
                -1.6915404437963653
            ],
            [
                56.66775249733913
            ]
        ],
        [
            [
                -3.395070474971292
            ],
            [
                -2.138531439054442
            ],
            [
                23.428848792982752
            ]
        ],
        [
            [
                -4.479984729981266
            ],
            [
                -1.0527729311994058
            ],
            [
                28.14755792871553
            ]
        ],
        [
            [
                -3.9113933400927063
            ],
            [
                -1.7867110330332725
            ],
            [
                30.92745133392536
            ]
        ],
        [
            [
                -4.370597726683055
            ],
            [
                -1.1960440149607101
            ],
            [
                23.04494420211772
            ]
        ]
    ]
}