{"camera_matrix": [[6423.364445740026, 0.0, 2013.4853573696787], [0.0, 6423.703917156348, 2964.277293338399], [0.0, 0.0, 1.0]], "distortion_coefficients": [[-0.03723370115059864, -0.5116396510470557, -0.0015992378264991834, 7.202783777867234e-05, 6.055500952714158]]}