{"camera_matrix": [[2158.7396743038867, 0.0, 919.145713378567], [0.0, 2152.742876010006, 643.3836199961545], [0.0, 0.0, 1.0]], "distortion_coefficients": [[-0.4711932050677164, 22.809588606730983, 0.00164501393943833, -0.012699577667930109, -404.2422696747456]]}